{"cameraMode":{"drawMode":0,"name":"Shaded","section":"Shading Mode"},"sceneLighting":true,"audioPlay":false,"sceneViewState":{"showFog":true,"showMaterialUpdate":false,"showSkybox":true,"showFlares":true,"showImageEffects":true,"showParticleSystems":true},"in2DMode":false,"pivot":{"x":32.128089904785159,"y":-1.5238972902297974,"z":-27.394060134887697},"rotation":{"x":0.04849040135741234,"y":-0.7263752818107605,"z":0.05152030661702156,"w":0.6836502552032471},"size":9.479459762573243,"orthographic":false}