{"cameraMode":{"drawMode":0,"name":"Shaded","section":"Shading Mode"},"sceneLighting":true,"audioPlay":false,"sceneViewState":{"showFog":true,"showMaterialUpdate":false,"showSkybox":true,"showFlares":true,"showImageEffects":true,"showParticleSystems":true},"in2DMode":false,"pivot":{"x":34.28916931152344,"y":-6.1999430656433109,"z":-30.41564178466797},"rotation":{"x":0.06955481320619583,"y":-0.38020971417427065,"z":0.028687704354524614,"w":0.9218393564224243},"size":40.97035598754883,"orthographic":true}